{"cameraMode":{"drawMode":0,"name":"Shaded","section":"Shading Mode"},"sceneLighting":true,"audioPlay":false,"sceneViewState":{"m_AlwaysRefresh":false,"showFog":true,"showSkybox":true,"showFlares":true,"showImageEffects":true,"showParticleSystems":true,"showVisualEffectGraphs":true,"m_FxEnabled":true},"in2DMode":false,"pivot":{"x":4.8855743408203129,"y":-26.45904541015625,"z":14.999191284179688},"rotation":{"x":-0.10372336953878403,"y":0.8853616714477539,"z":-0.23819075524806977,"w":-0.3855419456958771},"size":14.860950469970704,"orthographic":false}