{"cameraMode":{"drawMode":0,"name":"Shaded","section":"Shading Mode"},"sceneLighting":false,"audioPlay":false,"sceneViewState":{"m_AlwaysRefresh":false,"showFog":true,"showSkybox":true,"showFlares":true,"showImageEffects":true,"showParticleSystems":true,"showVisualEffectGraphs":true,"m_FxEnabled":false},"in2DMode":false,"pivot":{"x":285.2913513183594,"y":156.37551879882813,"z":-406.436279296875},"rotation":{"x":-0.004187639337033033,"y":0.01318553276360035,"z":0.00005495389268617146,"w":1.0000572204589844},"size":0.34273388981819155,"orthographic":false}