{"cameraMode":{"drawMode":0,"name":"Shaded","section":"Shading Mode"},"sceneLighting":false,"audioPlay":false,"sceneViewState":{"m_AlwaysRefresh":false,"showFog":true,"showSkybox":true,"showFlares":true,"showImageEffects":true,"showParticleSystems":true,"showVisualEffectGraphs":true,"m_FxEnabled":false},"in2DMode":false,"pivot":{"x":40.693931579589847,"y":3.7629570960998537,"z":52.84102249145508},"rotation":{"x":-0.015062093734741211,"y":0.5638989210128784,"z":0.009310870431363583,"w":0.8258895874023438},"size":0.6223362684249878,"orthographic":false}