{"cameraMode":{"drawMode":0,"name":"Shaded","section":"Shading Mode"},"sceneLighting":false,"audioPlay":false,"sceneViewState":{"m_AlwaysRefresh":false,"showFog":true,"showSkybox":true,"showFlares":true,"showImageEffects":true,"showParticleSystems":true,"showVisualEffectGraphs":true,"m_FxEnabled":true},"in2DMode":false,"pivot":{"x":60.127838134765628,"y":2.0557291507720949,"z":61.46245193481445},"rotation":{"x":0.09498056024312973,"y":0.812165379524231,"z":-0.13799555599689485,"w":0.5589172840118408},"size":0.6351547241210938,"orthographic":false}