{"cameraMode":{"drawMode":0,"name":"Shaded","section":"Shading Mode"},"sceneLighting":false,"audioPlay":false,"sceneViewState":{"m_AlwaysRefresh":false,"showFog":true,"showSkybox":true,"showFlares":true,"showImageEffects":true,"showParticleSystems":true,"showVisualEffectGraphs":true,"m_FxEnabled":true},"in2DMode":false,"pivot":{"x":52.232086181640628,"y":-11.876791000366211,"z":6.621068954467773},"rotation":{"x":0.015206385403871537,"y":0.9828532934188843,"z":-0.15791372954845429,"w":0.09439082443714142},"size":27.586767196655275,"orthographic":false}