{"cameraMode":{"drawMode":0,"name":"Shaded","section":"Shading Mode"},"sceneLighting":true,"audioPlay":false,"sceneViewState":{"m_AlwaysRefresh":false,"showFog":true,"showSkybox":true,"showFlares":true,"showImageEffects":true,"showParticleSystems":true,"showVisualEffectGraphs":true,"m_FxEnabled":true},"in2DMode":false,"pivot":{"x":46.344451904296878,"y":0.9614839553833008,"z":55.945838928222659},"rotation":{"x":-0.05003185570240021,"y":0.8500270843505859,"z":-0.08212021738290787,"w":-0.5178849697113037},"size":6.499831199645996,"orthographic":false}