{"cameraMode":{"drawMode":0,"name":"Shaded","section":"Shading Mode"},"sceneLighting":false,"audioPlay":false,"sceneViewState":{"m_AlwaysRefresh":false,"showFog":true,"showSkybox":true,"showFlares":true,"showImageEffects":true,"showParticleSystems":true,"showVisualEffectGraphs":true,"m_FxEnabled":true},"in2DMode":false,"pivot":{"x":37.09922790527344,"y":36.065433502197269,"z":103.23187255859375},"rotation":{"x":-0.27264657616615298,"y":-0.08275293558835983,"z":-0.023534007370471956,"w":0.958288848400116},"size":27.586767196655275,"orthographic":false}