{"cameraMode":{"drawMode":0,"name":"Shaded","section":"Shading Mode"},"sceneLighting":false,"audioPlay":false,"sceneViewState":{"m_AlwaysRefresh":false,"showFog":true,"showSkybox":true,"showFlares":true,"showImageEffects":true,"showParticleSystems":true,"showVisualEffectGraphs":true,"m_FxEnabled":false},"in2DMode":false,"pivot":{"x":548.536865234375,"y":101.21400451660156,"z":-509.4671630859375},"rotation":{"x":-0.011656849645078183,"y":-0.030929243192076684,"z":-0.0012139887548983098,"w":0.9996476769447327},"size":0.8645513653755188,"orthographic":false}