{"cameraMode":{"drawMode":0,"name":"Shaded","section":"Shading Mode"},"sceneLighting":false,"audioPlay":false,"sceneViewState":{"m_AlwaysRefresh":false,"showFog":true,"showSkybox":true,"showFlares":true,"showImageEffects":true,"showParticleSystems":true,"showVisualEffectGraphs":true,"m_FxEnabled":false},"in2DMode":false,"pivot":{"x":16.960704803466798,"y":3.290097236633301,"z":38.46546936035156},"rotation":{"x":0.004479235503822565,"y":-0.8659663796424866,"z":0.008169793523848057,"w":0.5002034306526184},"size":14.816264152526856,"orthographic":false}