{"cameraMode":{"drawMode":0,"name":"Shaded","section":"Shading Mode"},"sceneLighting":false,"audioPlay":false,"sceneViewState":{"m_AlwaysRefresh":false,"showFog":true,"showSkybox":true,"showFlares":true,"showImageEffects":true,"showParticleSystems":true,"showVisualEffectGraphs":true,"m_FxEnabled":false},"in2DMode":false,"pivot":{"x":42.210296630859378,"y":3.579479694366455,"z":52.12591552734375},"rotation":{"x":0.04009680822491646,"y":0.9506942629814148,"z":-0.13658317923545838,"w":0.27600768208503725},"size":0.9457213878631592,"orthographic":false}