{"cameraMode":{"drawMode":0,"name":"Shaded","section":"Shading Mode"},"sceneLighting":false,"audioPlay":false,"sceneViewState":{"m_AlwaysRefresh":false,"showFog":true,"showSkybox":true,"showFlares":true,"showImageEffects":true,"showParticleSystems":true,"showVisualEffectGraphs":true,"m_FxEnabled":false},"in2DMode":false,"pivot":{"x":50.581634521484378,"y":3.4857189655303957,"z":25.6320858001709},"rotation":{"x":-0.0011441580718383194,"y":-0.9930963516235352,"z":0.009243516251444817,"w":-0.11825749278068543},"size":12.12435531616211,"orthographic":false}