{"cameraMode":{"drawMode":0,"name":"Shaded","section":"Shading Mode"},"sceneLighting":false,"audioPlay":false,"sceneViewState":{"m_AlwaysRefresh":false,"showFog":true,"showSkybox":true,"showFlares":true,"showImageEffects":true,"showParticleSystems":true,"showVisualEffectGraphs":true,"m_FxEnabled":true},"in2DMode":false,"pivot":{"x":43.327247619628909,"y":4.692028999328613,"z":50.01145935058594},"rotation":{"x":0.0682997778058052,"y":-0.9274253845214844,"z":0.20964406430721284,"w":0.30217429995536806},"size":16.465970993041993,"orthographic":false}